<?xml version="1.0" encoding="UTF-8" standalone="yes"?>
<addon id="plugin.video.nodktv" name="-[COLOR red]NO[/COLOR][COLOR white]DK[/COLOR][COLOR blue]~TV[/COLOR]-" version="2.2" provider-name="[B]IPTV[/B]">
  <requires>
    <import addon="xbmc.python" version="2.1.0" />
  </requires>
  <extension point="xbmc.python.pluginsource"
            library="default.py">
        <provides>video</provides>
  </extension>
  <extension point="xbmc.addon.metadata">
    <platform>all</platform>
    <summary>[COLOR green]NoDkTV[/COLOR] [B]IPTV[/B]</summary>
    <description>[COLOR yellowgreen] Livestreams [/COLOR]-[COLOR red]NO[/COLOR]-[COLOR white]DK[/COLOR]-[COLOR blue]TV[/COLOR]-[COLOR yellowgreen]Channels [/COLOR]
 [COLOR yellow]05 Channels[/COLOR] from [COLOR red]Norway[/COLOR]
 [COLOR yellow]10 Channels[/COLOR] from [COLOR white]Denmark[/COLOR]
 [COLOR yellow]00 Channels[/COLOR] from [COLOR blue]-=TV=-[/COLOR]
 [COLOR yellow]15 Channels[/COLOR] from [COLOR green]Scandinavia[/COLOR]</description>
  </extension>
</addon>
